{
  "schema_version": 1,
  "task_id": "feature-addition/add-diffusers-scheduler",
  "task_name": "Add Cosine Annealing Noise Scheduler to Diffusers",
  "mode": "plan-clear",
  "run_number": 10,
  "timestamp": "2026-04-05T10:26:53.561Z",
  "model": "claude-opus-4-6",
  "metrics": {
    "duration_ms": 703798,
    "duration_api_ms": 592608,
    "num_turns": 48,
    "total_cost_usd": 2.3960186000000006,
    "input_tokens": 54,
    "output_tokens": 18400,
    "cache_read_tokens": 1172217,
    "cache_creation_tokens": 82643,
    "stop_reason": "end_turn",
    "is_error": false
  },
  "plan_metrics": {
    "plan_duration_ms": 352169,
    "plan_api_ms": 350385,
    "plan_tokens_in": 27,
    "plan_tokens_out": 6932,
    "plan_cost_usd": 1.3345801000000002,
    "plan_content": "",
    "execute_duration_ms": 351629,
    "execute_api_ms": 242223,
    "execute_tokens_in": 27,
    "execute_tokens_out": 11468,
    "execute_cost_usd": 1.0614385000000002
  },
  "evaluation": {
    "overall_score": 0.7625,
    "strategy_results": [
      {
        "type": "test-suite",
        "score": 0.875,
        "weight": 0.3,
        "weighted_score": 0.2625,
        "passed": false,
        "details": {
          "command": "source /var/folders/vq/9q38rw0x2455zr_whqcrjbhr0000gn/T/planmode-bench-wt-run-1775384094184-thk6jc/.venv/bin/activate && python3 -m pytest tests/test_cosine_scheduler.py -v",
          "tests_passed": 7,
          "tests_failed": 1,
          "tests_total": 8,
          "error": "Command failed: source /var/folders/vq/9q38rw0x2455zr_whqcrjbhr0000gn/T/planmode-bench-wt-run-1775384094184-thk6jc/.venv/bin/activate && python3 -m pytest tests/test_cosine_scheduler.py -v\n",
          "output": ".9494, -0.4945,  ..., -1.5538, -0.8676, -1.0450],\\n          [-1.7291,  1.1337, -0.3180,  ..., -0.2385, -0.3949, -0.3810],\\n          [ 1.1181, -0.0549, -0.4017,  ...,  1.2160, -2.1364, -1.6201]],\\n\\n         [[ 1.6208,  1.5682,  0.8808,  ..., -1.3817,  0.1849, -1.2185],\\n          [ 0.4734,  1.9089, -0.3032,  ..., -0.0217, -0.5393,  0.0934],\\n          [-0.5135, -0.3722,  0.3713,  ...,  0.2501, -1.2171,  0.6546],\\n          ...,\\n          [ 0.3033,  0.1204, -3.1867,  ..., -0.8001, -0.5755, -0.0945],\\n          [ 0.6958, -1.7350, -0.9553,  ...,  1.1501, -0.0518,  0.8810],\\n          [-1.5999,  1.6120, -0.6569,  ..., -0.8649,  1.2474,  0.5923]]]]), pred_original_sample=tensor([[[[-1., -1., -1.,  ..., -1.,  1., -1.],\\n          [ 1.,  1.,  1.,  ...,  1.,  1.,  1.],\\n          [ 1.,  1., -1.,  ..., -1., -1.,  1.],\\n          ...,\\n          [ 1., -1.,  1.,  ...,  1., -1., -1.],\\n          [-1., -1., -1.,  ...,  1., -1.,  1.],\\n          [-1.,  1.,  1.,  ..., -1., -1., -1.]],\\n\\n         [[ 1., -1.,  1.,  ...,  1., -1., -1.],\\n          [ 1., -1.,  1.,  ..., -1.,  1.,  1.],\\n          [-1.,  1.,  1.,  ..., -1., -1., -1.],\\n          ...,\\n          [-1.,  1.,  1.,  ..., -1.,  1., -1.],\\n          [-1.,  1., -1.,  ...,  1.,  1., -1.],\\n          [ 1., -1., -1.,  ...,  1., -1., -1.]],\\n\\n         [[ 1., -1., -1.,  ..., -1.,  1., -1.],\\n          [ 1.,  1., -1.,  ...,  1.,  1.,  1.],\\n          [ 1.,  1., -1.,  ...,  1., -1.,  1.],\\n          ...,\\n          [-1.,  1., -1.,  ...,  1.,  1., -1.],\\n          [ 1., -1., -1.,  ...,  1.,  1.,  1.],\\n          [-1.,  1., -1.,  ..., -1.,  1., -1.]]]])), <class 'diffusers.schedulers.scheduling_utils.SchedulerOutput'>)\n\ntests/test_cosine_scheduler.py:50: AssertionError\n=========================== short test summary info ============================\nFAILED tests/test_cosine_scheduler.py::TestCosineAnnealingScheduler::test_step_returns_scheduler_output\n========================= 1 failed, 7 passed in 0.09s ==========================\n"
        }
      },
      {
        "type": "file-check",
        "score": 1,
        "weight": 0.3,
        "weighted_score": 0.3,
        "passed": true,
        "details": {
          "checks_passed": 6,
          "checks_total": 6,
          "check_details": [
            {
              "path": "src/diffusers/schedulers/scheduling_cosine_annealing.py",
              "check": "exists",
              "passed": true
            },
            {
              "path": "src/diffusers/schedulers/scheduling_cosine_annealing.py",
              "check": "contains \"CosineAnnealingScheduler\"",
              "passed": true
            },
            {
              "path": "src/diffusers/schedulers/scheduling_cosine_annealing.py",
              "check": "contains \"SchedulerMixin\"",
              "passed": true
            },
            {
              "path": "src/diffusers/schedulers/scheduling_cosine_annealing.py",
              "check": "contains \"cosine\"",
              "passed": true
            },
            {
              "path": "src/diffusers/schedulers/scheduling_cosine_annealing.py",
              "check": "contains \"step\"",
              "passed": true
            },
            {
              "path": "src/diffusers/schedulers/scheduling_cosine_annealing.py",
              "check": "contains \"add_noise\"",
              "passed": true
            }
          ]
        }
      },
      {
        "type": "build",
        "score": 0,
        "weight": 0.2,
        "weighted_score": 0,
        "passed": false,
        "details": {
          "command": "source /var/folders/vq/9q38rw0x2455zr_whqcrjbhr0000gn/T/planmode-bench-wt-run-1775384094184-thk6jc/.venv/bin/activate && python3 -c 'from diffusers import CosineAnnealingScheduler; print(\"Import OK\")'",
          "exit_code": 1,
          "output": "Traceback (most recent call last):\n  File \"<string>\", line 1, in <module>\n    from diffusers import CosineAnnealingScheduler; print(\"Import OK\")\n    ^^^^^^^^^^^^^^^^^^^^^^^^^^^^^^^^^^^^^^^^^^^^^^\nImportError: cannot import name 'CosineAnnealingScheduler' from 'diffusers' (/private/var/folders/vq/9q38rw0x2455zr_whqcrjbhr0000gn/T/planmode-bench-bases/feature-addition-add-diffusers-scheduler/src/diffusers/__init__.py)\n"
        }
      },
      {
        "type": "regex",
        "score": 1,
        "weight": 0.2,
        "weighted_score": 0.2,
        "passed": true,
        "details": {
          "patterns_matched": 3,
          "patterns_total": 3,
          "pattern_results": [
            {
              "pattern": "class CosineAnnealingScheduler",
              "should_match": true,
              "actual_match": true,
              "correct": true
            },
            {
              "pattern": "register_to_config",
              "should_match": true,
              "actual_match": true,
              "correct": true
            },
            {
              "pattern": "def step",
              "should_match": true,
              "actual_match": true,
              "correct": true
            }
          ]
        }
      }
    ],
    "evaluation_duration_ms": 12561
  },
  "session_id": "6f7a8309-9d58-42b5-ba61-5df957c0af2f"
}