{
  "schema_version": 1,
  "task_id": "feature-addition/add-diffusers-scheduler",
  "task_name": "Add Cosine Annealing Noise Scheduler to Diffusers",
  "mode": "plan-clear",
  "run_number": 6,
  "timestamp": "2026-04-05T10:22:53.865Z",
  "model": "claude-opus-4-6",
  "metrics": {
    "duration_ms": 662601,
    "duration_api_ms": 721920,
    "num_turns": 48,
    "total_cost_usd": 3.02146835,
    "input_tokens": 44,
    "output_tokens": 20172,
    "cache_read_tokens": 1142841,
    "cache_creation_tokens": 78863,
    "stop_reason": "end_turn",
    "is_error": false
  },
  "plan_metrics": {
    "plan_duration_ms": 362512,
    "plan_api_ms": 476169,
    "plan_tokens_in": 20,
    "plan_tokens_out": 8455,
    "plan_cost_usd": 1.93878885,
    "plan_content": "",
    "execute_duration_ms": 300089,
    "execute_api_ms": 245751,
    "execute_tokens_in": 24,
    "execute_tokens_out": 11717,
    "execute_cost_usd": 1.0826795
  },
  "evaluation": {
    "overall_score": 0.7625,
    "strategy_results": [
      {
        "type": "test-suite",
        "score": 0.875,
        "weight": 0.3,
        "weighted_score": 0.2625,
        "passed": false,
        "details": {
          "command": "source /var/folders/vq/9q38rw0x2455zr_whqcrjbhr0000gn/T/planmode-bench-wt-run-1775383896164-9enlnl/.venv/bin/activate && python3 -m pytest tests/test_cosine_scheduler.py -v",
          "tests_passed": 7,
          "tests_failed": 1,
          "tests_total": 8,
          "error": "Command failed: source /var/folders/vq/9q38rw0x2455zr_whqcrjbhr0000gn/T/planmode-bench-wt-run-1775383896164-9enlnl/.venv/bin/activate && python3 -m pytest tests/test_cosine_scheduler.py -v\n",
          "output": "        [ 2.0231e+00,  1.1431e+00,  1.3215e+00,  ..., -2.0099e-01,\\n            1.9171e+00,  1.0851e+00],\\n          [ 1.2956e+00,  8.2758e-02, -1.3388e-01,  ..., -6.6302e-01,\\n           -1.2460e+00, -1.2795e+00],\\n          ...,\\n          [-4.7243e-01, -7.2396e-01,  2.2365e-01,  ..., -9.3961e-01,\\n            4.8213e-01,  4.0499e-01],\\n          [ 5.8468e-01, -5.2474e-01,  2.8869e+00,  .....     [ 1.0000,  1.0000,  1.0000,  ..., -1.0000, -1.0000,  1.0000],\\n          ...,\\n          [ 1.0000, -1.0000,  1.0000,  ...,  1.0000, -1.0000,  1.0000],\\n          [ 1.0000, -1.0000,  1.0000,  ..., -1.0000, -1.0000,  1.0000],\\n          [ 1.0000,  1.0000,  1.0000,  ...,  1.0000,  1.0000, -1.0000]],\\n\\n         [[-1.0000, -1.0000,  1.0000,  ...,  1.0000,  1.0000, -1.0000],\\n          [ 1.0000,  1.0000,  1.0000,  ..., -1.0000,  1.0000,  1.0000],\\n          [ 1.0000,  1.0000,  1.0000,  ...,  1.0000, -1.0000,  1.0000],\\n          ...,\\n          [-1.0000, -1.0000, -1.0000,  ..., -1.0000,  1.0000,  1.0000],\\n          [ 1.0000, -1.0000,  1.0000,  ..., -1.0000,  1.0000, -1.0000],\\n          [-1.0000, -1.0000, -1.0000,  ..., -1.0000, -1.0000, -1.0000]],\\n\\n         [[-1.0000, -1.0000, -1.0000,  ...,  1.0000, -1.0000, -1.0000],\\n          [ 1.0000,  1.0000,  1.0000,  ..., -1.0000,  1.0000, -1.0000],\\n          [-1.0000,  1.0000,  1.0000,  ...,  1.0000, -1.0000, -1.0000],\\n          ...,\\n          [-1.0000,  1.0000, -1.0000,  ...,  1.0000, -1.0000, -1.0000],\\n          [-1.0000, -1.0000,  1.0000,  ..., -1.0000, -1.0000,  1.0000],\\n          [-1.0000,  1.0000,  1.0000,  ..., -1.0000, -1.0000, -1.0000]]]])), <class 'diffusers.schedulers.scheduling_utils.SchedulerOutput'>)\n\ntests/test_cosine_scheduler.py:50: AssertionError\n=========================== short test summary info ============================\nFAILED tests/test_cosine_scheduler.py::TestCosineAnnealingScheduler::test_step_returns_scheduler_output\n========================= 1 failed, 7 passed in 0.10s ==========================\n"
        }
      },
      {
        "type": "file-check",
        "score": 1,
        "weight": 0.3,
        "weighted_score": 0.3,
        "passed": true,
        "details": {
          "checks_passed": 6,
          "checks_total": 6,
          "check_details": [
            {
              "path": "src/diffusers/schedulers/scheduling_cosine_annealing.py",
              "check": "exists",
              "passed": true
            },
            {
              "path": "src/diffusers/schedulers/scheduling_cosine_annealing.py",
              "check": "contains \"CosineAnnealingScheduler\"",
              "passed": true
            },
            {
              "path": "src/diffusers/schedulers/scheduling_cosine_annealing.py",
              "check": "contains \"SchedulerMixin\"",
              "passed": true
            },
            {
              "path": "src/diffusers/schedulers/scheduling_cosine_annealing.py",
              "check": "contains \"cosine\"",
              "passed": true
            },
            {
              "path": "src/diffusers/schedulers/scheduling_cosine_annealing.py",
              "check": "contains \"step\"",
              "passed": true
            },
            {
              "path": "src/diffusers/schedulers/scheduling_cosine_annealing.py",
              "check": "contains \"add_noise\"",
              "passed": true
            }
          ]
        }
      },
      {
        "type": "build",
        "score": 0,
        "weight": 0.2,
        "weighted_score": 0,
        "passed": false,
        "details": {
          "command": "source /var/folders/vq/9q38rw0x2455zr_whqcrjbhr0000gn/T/planmode-bench-wt-run-1775383896164-9enlnl/.venv/bin/activate && python3 -c 'from diffusers import CosineAnnealingScheduler; print(\"Import OK\")'",
          "exit_code": 1,
          "output": "Traceback (most recent call last):\n  File \"<string>\", line 1, in <module>\n    from diffusers import CosineAnnealingScheduler; print(\"Import OK\")\n    ^^^^^^^^^^^^^^^^^^^^^^^^^^^^^^^^^^^^^^^^^^^^^^\nImportError: cannot import name 'CosineAnnealingScheduler' from 'diffusers' (/private/var/folders/vq/9q38rw0x2455zr_whqcrjbhr0000gn/T/planmode-bench-bases/feature-addition-add-diffusers-scheduler/src/diffusers/__init__.py)\n"
        }
      },
      {
        "type": "regex",
        "score": 1,
        "weight": 0.2,
        "weighted_score": 0.2,
        "passed": true,
        "details": {
          "patterns_matched": 3,
          "patterns_total": 3,
          "pattern_results": [
            {
              "pattern": "class CosineAnnealingScheduler",
              "should_match": true,
              "actual_match": true,
              "correct": true
            },
            {
              "pattern": "register_to_config",
              "should_match": true,
              "actual_match": true,
              "correct": true
            },
            {
              "pattern": "def step",
              "should_match": true,
              "actual_match": true,
              "correct": true
            }
          ]
        }
      }
    ],
    "evaluation_duration_ms": 11953
  },
  "session_id": "cb6a4640-308f-4bd5-af42-548c22cbfa4d"
}