{
  "schema_version": 1,
  "task_id": "feature-addition/add-diffusers-scheduler",
  "task_name": "Add Cosine Annealing Noise Scheduler to Diffusers",
  "mode": "plan-clear",
  "run_number": 1,
  "timestamp": "2026-04-05T10:19:08.360Z",
  "model": "claude-opus-4-6",
  "metrics": {
    "duration_ms": 627620,
    "duration_api_ms": 702614,
    "num_turns": 49,
    "total_cost_usd": 2.8414934,
    "input_tokens": 47,
    "output_tokens": 18851,
    "cache_read_tokens": 1298604,
    "cache_creation_tokens": 86275,
    "stop_reason": "end_turn",
    "is_error": false
  },
  "plan_metrics": {
    "plan_duration_ms": 301089,
    "plan_api_ms": 440870,
    "plan_tokens_in": 18,
    "plan_tokens_out": 6703,
    "plan_cost_usd": 1.6707126,
    "plan_content": "",
    "execute_duration_ms": 326531,
    "execute_api_ms": 261744,
    "execute_tokens_in": 29,
    "execute_tokens_out": 12148,
    "execute_cost_usd": 1.1707807999999997
  },
  "evaluation": {
    "overall_score": 0.7625,
    "strategy_results": [
      {
        "type": "test-suite",
        "score": 0.875,
        "weight": 0.3,
        "weighted_score": 0.2625,
        "passed": false,
        "details": {
          "command": "source /var/folders/vq/9q38rw0x2455zr_whqcrjbhr0000gn/T/planmode-bench-wt-run-1775383704567-w2z3xm/.venv/bin/activate && python3 -m pytest tests/test_cosine_scheduler.py -v",
          "tests_passed": 7,
          "tests_failed": 1,
          "tests_total": 8,
          "error": "Command failed: source /var/folders/vq/9q38rw0x2455zr_whqcrjbhr0000gn/T/planmode-bench-wt-run-1775383704567-w2z3xm/.venv/bin/activate && python3 -m pytest tests/test_cosine_scheduler.py -v\n",
          "output": "90,  0.0654,  1.6476,  ...,  1.0195,  0.7463, -0.4683],\\n          [-0.6050, -0.4095,  0.1278,  ..., -1.1115, -0.7015, -0.6770]],\\n\\n         [[ 1.3762, -0.9178, -1.6225,  ..., -0.6307,  0.0280, -0.1359],\\n          [-1.8090, -2.5034, -0.4312,  ..., -0.4497, -0.0711,  2.9269],\\n          [ 1.2684,  1.4750,  0.5574,  ..., -1.0309,  1.2370,  1.4474],\\n          ...,\\n          [-0.0189,  0.385...     [-1.0000,  1.0000,  1.0000,  ..., -1.0000, -1.0000,  1.0000],\\n          ...,\\n          [ 1.0000, -1.0000,  1.0000,  ..., -1.0000, -1.0000,  1.0000],\\n          [ 1.0000, -1.0000, -1.0000,  ...,  1.0000, -1.0000,  1.0000],\\n          [ 1.0000,  1.0000, -1.0000,  ...,  1.0000,  1.0000, -1.0000]],\\n\\n         [[ 1.0000,  1.0000,  1.0000,  ..., -1.0000, -1.0000,  1.0000],\\n          [-1.0000, -1.0000,  1.0000,  ..., -1.0000, -1.0000,  1.0000],\\n          [-1.0000,  1.0000,  1.0000,  ..., -1.0000, -1.0000,  1.0000],\\n          ...,\\n          [ 1.0000, -1.0000,  1.0000,  ...,  1.0000,  1.0000,  1.0000],\\n          [-1.0000,  1.0000,  1.0000,  ...,  1.0000,  1.0000,  1.0000],\\n          [-1.0000, -1.0000, -1.0000,  ..., -1.0000, -1.0000, -1.0000]],\\n\\n         [[ 1.0000,  1.0000, -1.0000,  ...,  1.0000, -1.0000,  1.0000],\\n          [-1.0000, -1.0000, -1.0000,  ..., -1.0000, -1.0000,  1.0000],\\n          [ 1.0000,  1.0000,  1.0000,  ...,  1.0000,  1.0000,  1.0000],\\n          ...,\\n          [ 1.0000,  1.0000,  1.0000,  ...,  1.0000,  1.0000, -1.0000],\\n          [ 1.0000, -1.0000, -1.0000,  ...,  1.0000, -1.0000, -1.0000],\\n          [ 1.0000,  1.0000, -1.0000,  ..., -1.0000, -1.0000,  1.0000]]]])), <class 'diffusers.schedulers.scheduling_utils.SchedulerOutput'>)\n\ntests/test_cosine_scheduler.py:50: AssertionError\n=========================== short test summary info ============================\nFAILED tests/test_cosine_scheduler.py::TestCosineAnnealingScheduler::test_step_returns_scheduler_output\n========================= 1 failed, 7 passed in 0.08s ==========================\n"
        }
      },
      {
        "type": "file-check",
        "score": 1,
        "weight": 0.3,
        "weighted_score": 0.3,
        "passed": true,
        "details": {
          "checks_passed": 6,
          "checks_total": 6,
          "check_details": [
            {
              "path": "src/diffusers/schedulers/scheduling_cosine_annealing.py",
              "check": "exists",
              "passed": true
            },
            {
              "path": "src/diffusers/schedulers/scheduling_cosine_annealing.py",
              "check": "contains \"CosineAnnealingScheduler\"",
              "passed": true
            },
            {
              "path": "src/diffusers/schedulers/scheduling_cosine_annealing.py",
              "check": "contains \"SchedulerMixin\"",
              "passed": true
            },
            {
              "path": "src/diffusers/schedulers/scheduling_cosine_annealing.py",
              "check": "contains \"cosine\"",
              "passed": true
            },
            {
              "path": "src/diffusers/schedulers/scheduling_cosine_annealing.py",
              "check": "contains \"step\"",
              "passed": true
            },
            {
              "path": "src/diffusers/schedulers/scheduling_cosine_annealing.py",
              "check": "contains \"add_noise\"",
              "passed": true
            }
          ]
        }
      },
      {
        "type": "build",
        "score": 0,
        "weight": 0.2,
        "weighted_score": 0,
        "passed": false,
        "details": {
          "command": "source /var/folders/vq/9q38rw0x2455zr_whqcrjbhr0000gn/T/planmode-bench-wt-run-1775383704567-w2z3xm/.venv/bin/activate && python3 -c 'from diffusers import CosineAnnealingScheduler; print(\"Import OK\")'",
          "exit_code": 1,
          "output": "Traceback (most recent call last):\n  File \"<string>\", line 1, in <module>\n    from diffusers import CosineAnnealingScheduler; print(\"Import OK\")\n    ^^^^^^^^^^^^^^^^^^^^^^^^^^^^^^^^^^^^^^^^^^^^^^\nImportError: cannot import name 'CosineAnnealingScheduler' from 'diffusers' (/private/var/folders/vq/9q38rw0x2455zr_whqcrjbhr0000gn/T/planmode-bench-bases/feature-addition-add-diffusers-scheduler/src/diffusers/__init__.py)\n"
        }
      },
      {
        "type": "regex",
        "score": 1,
        "weight": 0.2,
        "weighted_score": 0.2,
        "passed": true,
        "details": {
          "patterns_matched": 3,
          "patterns_total": 3,
          "pattern_results": [
            {
              "pattern": "class CosineAnnealingScheduler",
              "should_match": true,
              "actual_match": true,
              "correct": true
            },
            {
              "pattern": "register_to_config",
              "should_match": true,
              "actual_match": true,
              "correct": true
            },
            {
              "pattern": "def step",
              "should_match": true,
              "actual_match": true,
              "correct": true
            }
          ]
        }
      }
    ],
    "evaluation_duration_ms": 13362
  },
  "session_id": "c337b1ae-4f54-423c-839e-4421484293fc"
}