{
  "schema_version": 1,
  "task_id": "feature-addition/add-diffusers-scheduler",
  "task_name": "add cosine annealing noise scheduler",
  "mode": "plan-clear",
  "run_number": 4,
  "timestamp": "2026-04-06T18:37:08.987Z",
  "model": "claude-opus-4-6",
  "metrics": {
    "duration_ms": 912791,
    "duration_api_ms": 1011082,
    "num_turns": 54,
    "total_cost_usd": 3.53788475,
    "input_tokens": 2958,
    "output_tokens": 24395,
    "cache_read_tokens": 1577404,
    "cache_creation_tokens": 130983,
    "stop_reason": "end_turn",
    "is_error": false
  },
  "plan_metrics": {
    "plan_duration_ms": 398977,
    "plan_api_ms": 540777,
    "plan_tokens_in": 21,
    "plan_tokens_out": 7677,
    "plan_cost_usd": 1.9026979499999999,
    "plan_content": "",
    "execute_duration_ms": 513814,
    "execute_api_ms": 470305,
    "execute_tokens_in": 2937,
    "execute_tokens_out": 16718,
    "execute_cost_usd": 1.6351868
  },
  "evaluation": {
    "overall_score": 0.7625,
    "strategy_results": [
      {
        "type": "test-suite",
        "score": 0.875,
        "weight": 0.3,
        "weighted_score": 0.2625,
        "passed": false,
        "details": {
          "command": "source /var/folders/vq/9q38rw0x2455zr_whqcrjbhr0000gn/T/planmode-bench-wt-run-1775499692381-0c9vnq/.venv/bin/activate && python3 -m pytest tests/test_cosine_scheduler.py -v",
          "tests_passed": 7,
          "tests_failed": 1,
          "tests_total": 8,
          "error": "Command failed: source /var/folders/vq/9q38rw0x2455zr_whqcrjbhr0000gn/T/planmode-bench-wt-run-1775499692381-0c9vnq/.venv/bin/activate && python3 -m pytest tests/test_cosine_scheduler.py -v\n",
          "output": "32,  1.1508, -0.6113,  ..., -0.3332,  0.7542, -1.8654],\\n          [ 0.0560, -0.7037, -0.8989,  ..., -0.8915,  0.7125,  0.8191]],\\n\\n         [[-0.6967,  0.6294,  0.7690,  ...,  0.7378,  0.5479,  1.9654],\\n          [-1.3419,  0.1668, -0.3692,  ...,  0.1462,  1.4520,  0.2985],\\n          [-0.6996, -1.3589, -1.0135,  ...,  1.0417,  1.0489,  1.7775],\\n          ...,\\n          [-0.5498,  0.638...     [ 1.0000, -1.0000, -1.0000,  ...,  1.0000, -1.0000,  1.0000],\\n          ...,\\n          [ 1.0000, -1.0000,  1.0000,  ..., -1.0000, -1.0000, -1.0000],\\n          [-1.0000, -1.0000,  1.0000,  ..., -1.0000, -1.0000, -1.0000],\\n          [ 1.0000, -1.0000, -1.0000,  ...,  1.0000, -1.0000, -1.0000]],\\n\\n         [[-1.0000, -1.0000,  1.0000,  ...,  1.0000, -1.0000,  1.0000],\\n          [-1.0000, -1.0000, -1.0000,  ..., -1.0000, -1.0000,  1.0000],\\n          [-1.0000,  1.0000,  1.0000,  ..., -1.0000, -1.0000, -1.0000],\\n          ...,\\n          [-1.0000,  1.0000, -1.0000,  ..., -1.0000, -1.0000, -1.0000],\\n          [-1.0000, -1.0000,  1.0000,  ..., -1.0000,  1.0000, -1.0000],\\n          [-1.0000,  1.0000,  1.0000,  ...,  1.0000, -1.0000,  0.4308]],\\n\\n         [[-1.0000,  1.0000, -1.0000,  ..., -1.0000,  1.0000,  1.0000],\\n          [-1.0000,  1.0000, -1.0000,  ..., -1.0000,  1.0000,  1.0000],\\n          [-1.0000, -1.0000, -1.0000,  ...,  1.0000,  1.0000,  1.0000],\\n          ...,\\n          [ 1.0000,  1.0000, -1.0000,  ..., -1.0000, -1.0000,  1.0000],\\n          [-1.0000,  1.0000, -1.0000,  ..., -1.0000,  1.0000,  1.0000],\\n          [ 1.0000, -1.0000, -1.0000,  ..., -1.0000,  1.0000, -1.0000]]]])), <class 'diffusers.schedulers.scheduling_utils.SchedulerOutput'>)\n\ntests/test_cosine_scheduler.py:50: AssertionError\n=========================== short test summary info ============================\nFAILED tests/test_cosine_scheduler.py::TestCosineAnnealingScheduler::test_step_returns_scheduler_output\n========================= 1 failed, 7 passed in 0.12s ==========================\n"
        }
      },
      {
        "type": "file-check",
        "score": 1,
        "weight": 0.3,
        "weighted_score": 0.3,
        "passed": true,
        "details": {
          "checks_passed": 6,
          "checks_total": 6,
          "check_details": [
            {
              "path": "src/diffusers/schedulers/scheduling_cosine_annealing.py",
              "check": "exists",
              "passed": true
            },
            {
              "path": "src/diffusers/schedulers/scheduling_cosine_annealing.py",
              "check": "contains \"CosineAnnealingScheduler\"",
              "passed": true
            },
            {
              "path": "src/diffusers/schedulers/scheduling_cosine_annealing.py",
              "check": "contains \"SchedulerMixin\"",
              "passed": true
            },
            {
              "path": "src/diffusers/schedulers/scheduling_cosine_annealing.py",
              "check": "contains \"cosine\"",
              "passed": true
            },
            {
              "path": "src/diffusers/schedulers/scheduling_cosine_annealing.py",
              "check": "contains \"step\"",
              "passed": true
            },
            {
              "path": "src/diffusers/schedulers/scheduling_cosine_annealing.py",
              "check": "contains \"add_noise\"",
              "passed": true
            }
          ]
        }
      },
      {
        "type": "build",
        "score": 0,
        "weight": 0.2,
        "weighted_score": 0,
        "passed": false,
        "details": {
          "command": "source /var/folders/vq/9q38rw0x2455zr_whqcrjbhr0000gn/T/planmode-bench-wt-run-1775499692381-0c9vnq/.venv/bin/activate && python3 -c 'from diffusers import CosineAnnealingScheduler; print(\"Import OK\")'",
          "exit_code": 1,
          "output": "Traceback (most recent call last):\n  File \"<string>\", line 1, in <module>\n    from diffusers import CosineAnnealingScheduler; print(\"Import OK\")\n    ^^^^^^^^^^^^^^^^^^^^^^^^^^^^^^^^^^^^^^^^^^^^^^\nImportError: cannot import name 'CosineAnnealingScheduler' from 'diffusers' (/private/var/folders/vq/9q38rw0x2455zr_whqcrjbhr0000gn/T/planmode-bench-bases/feature-addition-add-diffusers-scheduler/src/diffusers/__init__.py)\n"
        }
      },
      {
        "type": "regex",
        "score": 1,
        "weight": 0.2,
        "weighted_score": 0.2,
        "passed": true,
        "details": {
          "patterns_matched": 3,
          "patterns_total": 3,
          "pattern_results": [
            {
              "pattern": "class CosineAnnealingScheduler",
              "should_match": true,
              "actual_match": true,
              "correct": true
            },
            {
              "pattern": "register_to_config",
              "should_match": true,
              "actual_match": true,
              "correct": true
            },
            {
              "pattern": "def step",
              "should_match": true,
              "actual_match": true,
              "correct": true
            }
          ]
        }
      }
    ],
    "evaluation_duration_ms": 21242
  },
  "session_id": "f3730fb0-8061-4ccf-875c-04e0744d4fa6"
}