{
  "schema_version": 1,
  "task_id": "feature-addition/add-diffusers-scheduler",
  "task_name": "add cosine annealing noise scheduler",
  "mode": "plan-resume",
  "run_number": 3,
  "timestamp": "2026-04-06T18:32:29.061Z",
  "model": "claude-opus-4-6",
  "metrics": {
    "duration_ms": 907880,
    "duration_api_ms": 984977,
    "num_turns": 56,
    "total_cost_usd": 4.926792600000001,
    "input_tokens": 51,
    "output_tokens": 40731,
    "cache_read_tokens": 3117087,
    "cache_creation_tokens": 159455,
    "stop_reason": "end_turn",
    "is_error": false
  },
  "plan_metrics": {
    "plan_duration_ms": 399297,
    "plan_api_ms": 522561,
    "plan_tokens_in": 18,
    "plan_tokens_out": 7427,
    "plan_cost_usd": 2.0565738500000004,
    "plan_content": "",
    "execute_duration_ms": 508583,
    "execute_api_ms": 462416,
    "execute_tokens_in": 33,
    "execute_tokens_out": 33304,
    "execute_cost_usd": 2.87021875
  },
  "evaluation": {
    "overall_score": 0.7625,
    "strategy_results": [
      {
        "type": "test-suite",
        "score": 0.875,
        "weight": 0.3,
        "weighted_score": 0.2625,
        "passed": false,
        "details": {
          "command": "source /var/folders/vq/9q38rw0x2455zr_whqcrjbhr0000gn/T/planmode-bench-wt-run-1775499419627-48qqma/.venv/bin/activate && python3 -m pytest tests/test_cosine_scheduler.py -v",
          "tests_passed": 7,
          "tests_failed": 1,
          "tests_total": 8,
          "error": "Command failed: source /var/folders/vq/9q38rw0x2455zr_whqcrjbhr0000gn/T/planmode-bench-wt-run-1775499419627-48qqma/.venv/bin/activate && python3 -m pytest tests/test_cosine_scheduler.py -v\n",
          "output": ".1096, -0.2186,  ..., -0.2218, -0.5077, -0.9891],\\n          [ 1.4856, -1.1215, -0.7851,  ...,  0.0697,  0.1873,  0.8090],\\n          [ 1.1304, -0.0815,  0.7711,  ...,  0.5899, -1.2778, -0.6334]],\\n\\n         [[-1.7161,  1.1878,  0.7734,  ..., -0.4211,  0.5700,  2.7144],\\n          [ 1.3518,  0.2752, -0.4588,  ..., -0.0622, -0.4773, -0.6588],\\n          [-0.1335, -0.5402,  0.6877,  ..., -0.3286,  1.2174, -0.6082],\\n          ...,\\n          [ 1.5999,  0.2265, -1.3316,  ...,  0.9804,  0.4334, -0.8455],\\n          [ 0.4130,  1.7790, -0.1386,  ...,  0.8862,  1.7617,  0.9980],\\n          [-0.5301, -2.2313, -2.0190,  ..., -2.0900, -1.0208,  1.5865]]]]), pred_original_sample=tensor([[[[ 1.,  1.,  1.,  ...,  1.,  1.,  1.],\\n          [ 1., -1.,  1.,  ...,  1.,  1.,  1.],\\n          [-1.,  1., -1.,  ...,  1., -1., -1.],\\n          ...,\\n          [-1.,  1.,  1.,  ...,  1., -1.,  1.],\\n          [-1.,  1., -1.,  ...,  1.,  1.,  1.],\\n          [-1., -1.,  1.,  ...,  1.,  1.,  1.]],\\n\\n         [[ 1.,  1., -1.,  ..., -1., -1.,  1.],\\n          [ 1., -1., -1.,  ...,  1.,  1.,  1.],\\n          [-1.,  1., -1.,  ..., -1., -1.,  1.],\\n          ...,\\n          [ 1.,  1., -1.,  ..., -1., -1., -1.],\\n          [ 1., -1., -1.,  ..., -1.,  1.,  1.],\\n          [ 1.,  1.,  1.,  ...,  1., -1., -1.]],\\n\\n         [[-1.,  1.,  1.,  ..., -1., -1.,  1.],\\n          [-1.,  1., -1.,  ..., -1.,  1., -1.],\\n          [ 1., -1.,  1.,  ...,  1.,  1.,  1.],\\n          ...,\\n          [ 1.,  1., -1.,  ...,  1.,  1., -1.],\\n          [ 1.,  1.,  1.,  ...,  1.,  1.,  1.],\\n          [-1., -1., -1.,  ..., -1., -1.,  1.]]]])), <class 'diffusers.schedulers.scheduling_utils.SchedulerOutput'>)\n\ntests/test_cosine_scheduler.py:50: AssertionError\n=========================== short test summary info ============================\nFAILED tests/test_cosine_scheduler.py::TestCosineAnnealingScheduler::test_step_returns_scheduler_output\n========================= 1 failed, 7 passed in 0.11s ==========================\n"
        }
      },
      {
        "type": "file-check",
        "score": 1,
        "weight": 0.3,
        "weighted_score": 0.3,
        "passed": true,
        "details": {
          "checks_passed": 6,
          "checks_total": 6,
          "check_details": [
            {
              "path": "src/diffusers/schedulers/scheduling_cosine_annealing.py",
              "check": "exists",
              "passed": true
            },
            {
              "path": "src/diffusers/schedulers/scheduling_cosine_annealing.py",
              "check": "contains \"CosineAnnealingScheduler\"",
              "passed": true
            },
            {
              "path": "src/diffusers/schedulers/scheduling_cosine_annealing.py",
              "check": "contains \"SchedulerMixin\"",
              "passed": true
            },
            {
              "path": "src/diffusers/schedulers/scheduling_cosine_annealing.py",
              "check": "contains \"cosine\"",
              "passed": true
            },
            {
              "path": "src/diffusers/schedulers/scheduling_cosine_annealing.py",
              "check": "contains \"step\"",
              "passed": true
            },
            {
              "path": "src/diffusers/schedulers/scheduling_cosine_annealing.py",
              "check": "contains \"add_noise\"",
              "passed": true
            }
          ]
        }
      },
      {
        "type": "build",
        "score": 0,
        "weight": 0.2,
        "weighted_score": 0,
        "passed": false,
        "details": {
          "command": "source /var/folders/vq/9q38rw0x2455zr_whqcrjbhr0000gn/T/planmode-bench-wt-run-1775499419627-48qqma/.venv/bin/activate && python3 -c 'from diffusers import CosineAnnealingScheduler; print(\"Import OK\")'",
          "exit_code": 1,
          "output": "Traceback (most recent call last):\n  File \"<string>\", line 1, in <module>\n    from diffusers import CosineAnnealingScheduler; print(\"Import OK\")\n    ^^^^^^^^^^^^^^^^^^^^^^^^^^^^^^^^^^^^^^^^^^^^^^\nImportError: cannot import name 'CosineAnnealingScheduler' from 'diffusers' (/private/var/folders/vq/9q38rw0x2455zr_whqcrjbhr0000gn/T/planmode-bench-bases/feature-addition-add-diffusers-scheduler/src/diffusers/__init__.py)\n"
        }
      },
      {
        "type": "regex",
        "score": 1,
        "weight": 0.2,
        "weighted_score": 0.2,
        "passed": true,
        "details": {
          "patterns_matched": 3,
          "patterns_total": 3,
          "pattern_results": [
            {
              "pattern": "class CosineAnnealingScheduler",
              "should_match": true,
              "actual_match": true,
              "correct": true
            },
            {
              "pattern": "register_to_config",
              "should_match": true,
              "actual_match": true,
              "correct": true
            },
            {
              "pattern": "def step",
              "should_match": true,
              "actual_match": true,
              "correct": true
            }
          ]
        }
      }
    ],
    "evaluation_duration_ms": 19004
  },
  "session_id": "9484d47c-9436-4ea2-b6fb-03b64b3ae133"
}