{
  "schema_version": 1,
  "task_id": "feature-addition/add-diffusers-scheduler",
  "task_name": "add cosine annealing noise scheduler",
  "mode": "plan-clear",
  "run_number": 5,
  "timestamp": "2026-04-06T18:37:08.968Z",
  "model": "claude-opus-4-6",
  "metrics": {
    "duration_ms": 870125,
    "duration_api_ms": 945375,
    "num_turns": 55,
    "total_cost_usd": 4.181463000000001,
    "input_tokens": 51,
    "output_tokens": 30833,
    "cache_read_tokens": 2085903,
    "cache_creation_tokens": 145008,
    "stop_reason": "end_turn",
    "is_error": false
  },
  "plan_metrics": {
    "plan_duration_ms": 365323,
    "plan_api_ms": 501496,
    "plan_tokens_in": 20,
    "plan_tokens_out": 7230,
    "plan_cost_usd": 2.1422787000000003,
    "plan_content": "",
    "execute_duration_ms": 504802,
    "execute_api_ms": 443879,
    "execute_tokens_in": 31,
    "execute_tokens_out": 23603,
    "execute_cost_usd": 2.0391843
  },
  "evaluation": {
    "overall_score": 0.7625,
    "strategy_results": [
      {
        "type": "test-suite",
        "score": 0.875,
        "weight": 0.3,
        "weighted_score": 0.2625,
        "passed": false,
        "details": {
          "command": "source /var/folders/vq/9q38rw0x2455zr_whqcrjbhr0000gn/T/planmode-bench-wt-run-1775499731455-5j587w/.venv/bin/activate && python3 -m pytest tests/test_cosine_scheduler.py -v",
          "tests_passed": 7,
          "tests_failed": 1,
          "tests_total": 8,
          "error": "Command failed: source /var/folders/vq/9q38rw0x2455zr_whqcrjbhr0000gn/T/planmode-bench-wt-run-1775499731455-5j587w/.venv/bin/activate && python3 -m pytest tests/test_cosine_scheduler.py -v\n",
          "output": "31, -2.2324,  0.6083,  ..., -0.4845, -0.0830, -2.1967],\\n          [-1.2193, -0.1020, -0.8318,  ...,  0.6906,  0.1559,  0.0951]],\\n\\n         [[-0.0946,  0.8212,  0.8469,  ...,  0.7608, -1.4857, -1.0420],\\n          [ 0.5446,  0.1477,  0.0937,  ..., -0.1194, -0.0981,  0.5273],\\n          [-0.4802, -0.6395, -0.2269,  ...,  0.1688,  0.2438, -2.7491],\\n          ...,\\n          [-0.4675,  0.496...     [ 1.0000, -1.0000,  1.0000,  ..., -1.0000,  1.0000,  1.0000],\\n          ...,\\n          [ 1.0000,  1.0000, -1.0000,  ..., -1.0000, -1.0000, -1.0000],\\n          [ 1.0000,  1.0000,  1.0000,  ...,  1.0000,  1.0000, -1.0000],\\n          [ 1.0000,  1.0000,  1.0000,  ..., -1.0000,  1.0000,  1.0000]],\\n\\n         [[ 1.0000,  1.0000,  1.0000,  ...,  1.0000,  1.0000,  1.0000],\\n          [ 1.0000,  1.0000, -1.0000,  ..., -1.0000, -1.0000, -1.0000],\\n          [ 1.0000,  1.0000,  1.0000,  ..., -1.0000, -1.0000, -1.0000],\\n          ...,\\n          [ 1.0000,  1.0000,  1.0000,  ...,  1.0000,  1.0000, -1.0000],\\n          [ 1.0000, -1.0000, -1.0000,  ..., -1.0000, -1.0000, -1.0000],\\n          [-1.0000, -1.0000, -1.0000,  ...,  1.0000,  1.0000, -1.0000]],\\n\\n         [[ 1.0000, -1.0000,  1.0000,  ...,  1.0000, -1.0000, -1.0000],\\n          [ 1.0000, -1.0000,  1.0000,  ..., -1.0000,  0.7752,  1.0000],\\n          [-1.0000, -1.0000, -1.0000,  ..., -1.0000,  1.0000, -1.0000],\\n          ...,\\n          [ 1.0000,  1.0000, -1.0000,  ...,  1.0000,  1.0000, -1.0000],\\n          [ 1.0000, -1.0000, -1.0000,  ...,  1.0000,  1.0000, -1.0000],\\n          [-1.0000,  1.0000,  1.0000,  ..., -1.0000, -1.0000, -1.0000]]]])), <class 'diffusers.schedulers.scheduling_utils.SchedulerOutput'>)\n\ntests/test_cosine_scheduler.py:50: AssertionError\n=========================== short test summary info ============================\nFAILED tests/test_cosine_scheduler.py::TestCosineAnnealingScheduler::test_step_returns_scheduler_output\n========================= 1 failed, 7 passed in 0.12s ==========================\n"
        }
      },
      {
        "type": "file-check",
        "score": 1,
        "weight": 0.3,
        "weighted_score": 0.3,
        "passed": true,
        "details": {
          "checks_passed": 6,
          "checks_total": 6,
          "check_details": [
            {
              "path": "src/diffusers/schedulers/scheduling_cosine_annealing.py",
              "check": "exists",
              "passed": true
            },
            {
              "path": "src/diffusers/schedulers/scheduling_cosine_annealing.py",
              "check": "contains \"CosineAnnealingScheduler\"",
              "passed": true
            },
            {
              "path": "src/diffusers/schedulers/scheduling_cosine_annealing.py",
              "check": "contains \"SchedulerMixin\"",
              "passed": true
            },
            {
              "path": "src/diffusers/schedulers/scheduling_cosine_annealing.py",
              "check": "contains \"cosine\"",
              "passed": true
            },
            {
              "path": "src/diffusers/schedulers/scheduling_cosine_annealing.py",
              "check": "contains \"step\"",
              "passed": true
            },
            {
              "path": "src/diffusers/schedulers/scheduling_cosine_annealing.py",
              "check": "contains \"add_noise\"",
              "passed": true
            }
          ]
        }
      },
      {
        "type": "build",
        "score": 0,
        "weight": 0.2,
        "weighted_score": 0,
        "passed": false,
        "details": {
          "command": "source /var/folders/vq/9q38rw0x2455zr_whqcrjbhr0000gn/T/planmode-bench-wt-run-1775499731455-5j587w/.venv/bin/activate && python3 -c 'from diffusers import CosineAnnealingScheduler; print(\"Import OK\")'",
          "exit_code": 1,
          "output": "Traceback (most recent call last):\n  File \"<string>\", line 1, in <module>\n    from diffusers import CosineAnnealingScheduler; print(\"Import OK\")\n    ^^^^^^^^^^^^^^^^^^^^^^^^^^^^^^^^^^^^^^^^^^^^^^\nImportError: cannot import name 'CosineAnnealingScheduler' from 'diffusers' (/private/var/folders/vq/9q38rw0x2455zr_whqcrjbhr0000gn/T/planmode-bench-bases/feature-addition-add-diffusers-scheduler/src/diffusers/__init__.py)\n"
        }
      },
      {
        "type": "regex",
        "score": 1,
        "weight": 0.2,
        "weighted_score": 0.2,
        "passed": true,
        "details": {
          "patterns_matched": 3,
          "patterns_total": 3,
          "pattern_results": [
            {
              "pattern": "class CosineAnnealingScheduler",
              "should_match": true,
              "actual_match": true,
              "correct": true
            },
            {
              "pattern": "register_to_config",
              "should_match": true,
              "actual_match": true,
              "correct": true
            },
            {
              "pattern": "def step",
              "should_match": true,
              "actual_match": true,
              "correct": true
            }
          ]
        }
      }
    ],
    "evaluation_duration_ms": 23889
  },
  "session_id": "d477ea86-ecd0-423b-9f23-b2ad6cba729b"
}