{
  "schema_version": 1,
  "task_id": "feature-addition/add-diffusers-scheduler",
  "task_name": "add cosine annealing noise scheduler",
  "mode": "plan-resume",
  "run_number": 4,
  "timestamp": "2026-04-06T18:28:01.493Z",
  "model": "claude-opus-4-6",
  "metrics": {
    "duration_ms": 588719,
    "duration_api_ms": 733207,
    "num_turns": 46,
    "total_cost_usd": 3.1792132500000005,
    "input_tokens": 38,
    "output_tokens": 31821,
    "cache_read_tokens": 1991623,
    "cache_creation_tokens": 144178,
    "stop_reason": "end_turn",
    "is_error": false
  },
  "plan_metrics": {
    "plan_duration_ms": 195464,
    "plan_api_ms": 363319,
    "plan_tokens_in": 14,
    "plan_tokens_out": 5945,
    "plan_cost_usd": 1.113006,
    "plan_content": "",
    "execute_duration_ms": 393255,
    "execute_api_ms": 369888,
    "execute_tokens_in": 24,
    "execute_tokens_out": 25876,
    "execute_cost_usd": 2.0662072500000006
  },
  "evaluation": {
    "overall_score": 0.7625,
    "strategy_results": [
      {
        "type": "test-suite",
        "score": 0.875,
        "weight": 0.3,
        "weighted_score": 0.2625,
        "passed": false,
        "details": {
          "command": "source /var/folders/vq/9q38rw0x2455zr_whqcrjbhr0000gn/T/planmode-bench-wt-run-1775499477592-khl6im/.venv/bin/activate && python3 -m pytest tests/test_cosine_scheduler.py -v",
          "tests_passed": 7,
          "tests_failed": 1,
          "tests_total": 8,
          "error": "Command failed: source /var/folders/vq/9q38rw0x2455zr_whqcrjbhr0000gn/T/planmode-bench-wt-run-1775499477592-khl6im/.venv/bin/activate && python3 -m pytest tests/test_cosine_scheduler.py -v\n",
          "output": "93,  1.4299,  1.8908,  ...,  0.2281, -1.9334,  0.5487],\\n          [-0.2698, -0.0493,  0.9695,  ...,  0.2681, -0.6239, -0.2500]],\\n\\n         [[ 0.2045,  1.6940,  0.3705,  ...,  0.7679, -0.3377,  1.0647],\\n          [ 0.7479,  0.8094,  0.4575,  ..., -0.3653,  1.3294,  0.0858],\\n          [-0.1140,  2.1929, -0.3961,  ..., -1.5179, -0.7598,  0.1616],\\n          ...,\\n          [-0.3659,  0.066...     [-1.0000, -1.0000, -1.0000,  ...,  1.0000,  1.0000,  1.0000],\\n          ...,\\n          [ 1.0000, -1.0000, -1.0000,  ..., -1.0000,  1.0000, -1.0000],\\n          [ 1.0000,  1.0000, -1.0000,  ..., -1.0000,  1.0000,  1.0000],\\n          [ 1.0000, -1.0000,  1.0000,  ..., -1.0000, -1.0000,  1.0000]],\\n\\n         [[ 1.0000, -1.0000,  0.4651,  ...,  1.0000,  1.0000,  1.0000],\\n          [-1.0000,  1.0000, -1.0000,  ..., -1.0000,  1.0000, -1.0000],\\n          [ 1.0000,  1.0000,  1.0000,  ..., -1.0000,  1.0000, -1.0000],\\n          ...,\\n          [-1.0000, -1.0000,  1.0000,  ..., -1.0000, -1.0000,  1.0000],\\n          [-1.0000,  1.0000,  1.0000,  ...,  1.0000, -1.0000,  1.0000],\\n          [-1.0000,  1.0000,  1.0000,  ...,  1.0000, -1.0000,  1.0000]],\\n\\n         [[ 1.0000,  1.0000, -1.0000,  ...,  1.0000,  1.0000,  1.0000],\\n          [ 1.0000, -1.0000,  1.0000,  ..., -1.0000,  1.0000,  1.0000],\\n          [ 1.0000,  1.0000, -1.0000,  ..., -1.0000, -1.0000,  1.0000],\\n          ...,\\n          [ 1.0000, -1.0000, -1.0000,  ..., -1.0000,  1.0000, -1.0000],\\n          [ 1.0000,  1.0000, -1.0000,  ..., -1.0000, -1.0000,  1.0000],\\n          [-1.0000, -1.0000,  1.0000,  ..., -1.0000,  1.0000,  1.0000]]]])), <class 'diffusers.schedulers.scheduling_utils.SchedulerOutput'>)\n\ntests/test_cosine_scheduler.py:50: AssertionError\n=========================== short test summary info ============================\nFAILED tests/test_cosine_scheduler.py::TestCosineAnnealingScheduler::test_step_returns_scheduler_output\n========================= 1 failed, 7 passed in 0.11s ==========================\n"
        }
      },
      {
        "type": "file-check",
        "score": 1,
        "weight": 0.3,
        "weighted_score": 0.3,
        "passed": true,
        "details": {
          "checks_passed": 6,
          "checks_total": 6,
          "check_details": [
            {
              "path": "src/diffusers/schedulers/scheduling_cosine_annealing.py",
              "check": "exists",
              "passed": true
            },
            {
              "path": "src/diffusers/schedulers/scheduling_cosine_annealing.py",
              "check": "contains \"CosineAnnealingScheduler\"",
              "passed": true
            },
            {
              "path": "src/diffusers/schedulers/scheduling_cosine_annealing.py",
              "check": "contains \"SchedulerMixin\"",
              "passed": true
            },
            {
              "path": "src/diffusers/schedulers/scheduling_cosine_annealing.py",
              "check": "contains \"cosine\"",
              "passed": true
            },
            {
              "path": "src/diffusers/schedulers/scheduling_cosine_annealing.py",
              "check": "contains \"step\"",
              "passed": true
            },
            {
              "path": "src/diffusers/schedulers/scheduling_cosine_annealing.py",
              "check": "contains \"add_noise\"",
              "passed": true
            }
          ]
        }
      },
      {
        "type": "build",
        "score": 0,
        "weight": 0.2,
        "weighted_score": 0,
        "passed": false,
        "details": {
          "command": "source /var/folders/vq/9q38rw0x2455zr_whqcrjbhr0000gn/T/planmode-bench-wt-run-1775499477592-khl6im/.venv/bin/activate && python3 -c 'from diffusers import CosineAnnealingScheduler; print(\"Import OK\")'",
          "exit_code": 1,
          "output": "Traceback (most recent call last):\n  File \"<string>\", line 1, in <module>\n    from diffusers import CosineAnnealingScheduler; print(\"Import OK\")\n    ^^^^^^^^^^^^^^^^^^^^^^^^^^^^^^^^^^^^^^^^^^^^^^\nImportError: cannot import name 'CosineAnnealingScheduler' from 'diffusers' (/private/var/folders/vq/9q38rw0x2455zr_whqcrjbhr0000gn/T/planmode-bench-bases/feature-addition-add-diffusers-scheduler/src/diffusers/__init__.py)\n"
        }
      },
      {
        "type": "regex",
        "score": 1,
        "weight": 0.2,
        "weighted_score": 0.2,
        "passed": true,
        "details": {
          "patterns_matched": 3,
          "patterns_total": 3,
          "pattern_results": [
            {
              "pattern": "class CosineAnnealingScheduler",
              "should_match": true,
              "actual_match": true,
              "correct": true
            },
            {
              "pattern": "register_to_config",
              "should_match": true,
              "actual_match": true,
              "correct": true
            },
            {
              "pattern": "def step",
              "should_match": true,
              "actual_match": true,
              "correct": true
            }
          ]
        }
      }
    ],
    "evaluation_duration_ms": 12912
  },
  "session_id": "25b3b3e1-dfd4-4c13-8f91-ad55c974d720"
}